original_index,true_label_id,predicted_label_id,true_label,predicted_label,is_correct,error_type
1283363,0,7,BENIGN,PortScan,False,BENIGN -> PortScan
110927,3,0,DDoS,BENIGN,False,DDoS -> BENIGN
2242595,4,0,DoS,BENIGN,False,DoS -> BENIGN
227188,7,8,PortScan,WebAttack,False,PortScan -> WebAttack
587469,1,0,Bot,BENIGN,False,Bot -> BENIGN
1282519,0,7,BENIGN,PortScan,False,BENIGN -> PortScan
364842,7,0,PortScan,BENIGN,False,PortScan -> BENIGN
2378782,4,0,DoS,BENIGN,False,DoS -> BENIGN
2304828,4,0,DoS,BENIGN,False,DoS -> BENIGN
366183,7,0,PortScan,BENIGN,False,PortScan -> BENIGN
671851,1,0,Bot,BENIGN,False,Bot -> BENIGN
346937,7,0,PortScan,BENIGN,False,PortScan -> BENIGN
1283370,0,7,BENIGN,PortScan,False,BENIGN -> PortScan
356795,7,0,PortScan,BENIGN,False,PortScan -> BENIGN
131748,3,0,DDoS,BENIGN,False,DDoS -> BENIGN
17766,0,1,BENIGN,Bot,False,BENIGN -> Bot
511543,0,1,BENIGN,Bot,False,BENIGN -> Bot
1282902,0,7,BENIGN,PortScan,False,BENIGN -> PortScan
1282843,0,7,BENIGN,PortScan,False,BENIGN -> PortScan
1282879,0,7,BENIGN,PortScan,False,BENIGN -> PortScan
1282990,0,7,BENIGN,PortScan,False,BENIGN -> PortScan
752703,0,4,BENIGN,DoS,False,BENIGN -> DoS
369867,7,0,PortScan,BENIGN,False,PortScan -> BENIGN
673082,1,0,Bot,BENIGN,False,Bot -> BENIGN
55591,3,0,DDoS,BENIGN,False,DDoS -> BENIGN
2669928,0,1,BENIGN,Bot,False,BENIGN -> Bot
254516,0,1,BENIGN,Bot,False,BENIGN -> Bot
1282427,0,7,BENIGN,PortScan,False,BENIGN -> PortScan
1283126,0,7,BENIGN,PortScan,False,BENIGN -> PortScan
1283380,0,7,BENIGN,PortScan,False,BENIGN -> PortScan
1283351,0,7,BENIGN,PortScan,False,BENIGN -> PortScan
682816,0,4,BENIGN,DoS,False,BENIGN -> DoS
939680,0,4,BENIGN,DoS,False,BENIGN -> DoS
1283455,0,7,BENIGN,PortScan,False,BENIGN -> PortScan
1597386,8,0,WebAttack,BENIGN,False,WebAttack -> BENIGN
471377,7,4,PortScan,DoS,False,PortScan -> DoS
2257375,4,0,DoS,BENIGN,False,DoS -> BENIGN
1283027,0,7,BENIGN,PortScan,False,BENIGN -> PortScan
1282511,0,7,BENIGN,PortScan,False,BENIGN -> PortScan
2583758,0,4,BENIGN,DoS,False,BENIGN -> DoS
270575,0,1,BENIGN,Bot,False,BENIGN -> Bot
1283555,0,7,BENIGN,PortScan,False,BENIGN -> PortScan
995502,0,4,BENIGN,DoS,False,BENIGN -> DoS
476578,7,0,PortScan,BENIGN,False,PortScan -> BENIGN
678766,1,0,Bot,BENIGN,False,Bot -> BENIGN
651687,1,0,Bot,BENIGN,False,Bot -> BENIGN
457033,0,4,BENIGN,DoS,False,BENIGN -> DoS
1283405,0,7,BENIGN,PortScan,False,BENIGN -> PortScan
359630,7,0,PortScan,BENIGN,False,PortScan -> BENIGN
691153,1,0,Bot,BENIGN,False,Bot -> BENIGN
110929,3,0,DDoS,BENIGN,False,DDoS -> BENIGN
1283341,0,7,BENIGN,PortScan,False,BENIGN -> PortScan
315707,7,0,PortScan,BENIGN,False,PortScan -> BENIGN
1282439,0,7,BENIGN,PortScan,False,BENIGN -> PortScan
233980,0,1,BENIGN,Bot,False,BENIGN -> Bot
1283480,0,7,BENIGN,PortScan,False,BENIGN -> PortScan
661610,1,0,Bot,BENIGN,False,Bot -> BENIGN
1283553,0,7,BENIGN,PortScan,False,BENIGN -> PortScan
314810,7,0,PortScan,BENIGN,False,PortScan -> BENIGN
651828,1,0,Bot,BENIGN,False,Bot -> BENIGN
1282408,0,7,BENIGN,PortScan,False,BENIGN -> PortScan
699731,1,0,Bot,BENIGN,False,Bot -> BENIGN
653685,1,0,Bot,BENIGN,False,Bot -> BENIGN
2800725,4,0,DoS,BENIGN,False,DoS -> BENIGN
695041,0,1,BENIGN,Bot,False,BENIGN -> Bot
318633,7,0,PortScan,BENIGN,False,PortScan -> BENIGN
479320,7,0,PortScan,BENIGN,False,PortScan -> BENIGN
2646658,0,4,BENIGN,DoS,False,BENIGN -> DoS
467263,7,0,PortScan,BENIGN,False,PortScan -> BENIGN
352547,7,0,PortScan,BENIGN,False,PortScan -> BENIGN
1282453,0,7,BENIGN,PortScan,False,BENIGN -> PortScan
1283483,0,7,BENIGN,PortScan,False,BENIGN -> PortScan
1283412,0,7,BENIGN,PortScan,False,BENIGN -> PortScan
1282586,0,7,BENIGN,PortScan,False,BENIGN -> PortScan
247000,0,4,BENIGN,DoS,False,BENIGN -> DoS
1282739,0,7,BENIGN,PortScan,False,BENIGN -> PortScan
1606472,8,0,WebAttack,BENIGN,False,WebAttack -> BENIGN
282223,0,1,BENIGN,Bot,False,BENIGN -> Bot
771980,0,4,BENIGN,DoS,False,BENIGN -> DoS
296544,0,1,BENIGN,Bot,False,BENIGN -> Bot
1282473,0,7,BENIGN,PortScan,False,BENIGN -> PortScan
623333,1,0,Bot,BENIGN,False,Bot -> BENIGN
1282941,0,7,BENIGN,PortScan,False,BENIGN -> PortScan
1283437,0,7,BENIGN,PortScan,False,BENIGN -> PortScan
332658,7,0,PortScan,BENIGN,False,PortScan -> BENIGN
626559,1,0,Bot,BENIGN,False,Bot -> BENIGN
667279,1,0,Bot,BENIGN,False,Bot -> BENIGN
466517,7,0,PortScan,BENIGN,False,PortScan -> BENIGN
2167886,4,0,DoS,BENIGN,False,DoS -> BENIGN
1282461,0,7,BENIGN,PortScan,False,BENIGN -> PortScan
333805,7,0,PortScan,BENIGN,False,PortScan -> BENIGN
494510,7,0,PortScan,BENIGN,False,PortScan -> BENIGN
2403871,4,0,DoS,BENIGN,False,DoS -> BENIGN
1283298,0,7,BENIGN,PortScan,False,BENIGN -> PortScan
1283436,0,7,BENIGN,PortScan,False,BENIGN -> PortScan
1283359,0,7,BENIGN,PortScan,False,BENIGN -> PortScan
2488258,0,4,BENIGN,DoS,False,BENIGN -> DoS
338947,7,0,PortScan,BENIGN,False,PortScan -> BENIGN
1283579,0,7,BENIGN,PortScan,False,BENIGN -> PortScan
285955,0,1,BENIGN,Bot,False,BENIGN -> Bot
2205432,4,0,DoS,BENIGN,False,DoS -> BENIGN
2402592,4,0,DoS,BENIGN,False,DoS -> BENIGN
1283498,0,7,BENIGN,PortScan,False,BENIGN -> PortScan
2246931,4,0,DoS,BENIGN,False,DoS -> BENIGN
2247676,4,0,DoS,BENIGN,False,DoS -> BENIGN
82240,3,0,DDoS,BENIGN,False,DDoS -> BENIGN
2487807,0,4,BENIGN,DoS,False,BENIGN -> DoS
1564425,8,4,WebAttack,DoS,False,WebAttack -> DoS
622906,1,0,Bot,BENIGN,False,Bot -> BENIGN
353345,7,0,PortScan,BENIGN,False,PortScan -> BENIGN
2480650,0,4,BENIGN,DoS,False,BENIGN -> DoS
2376122,4,0,DoS,BENIGN,False,DoS -> BENIGN
1283147,0,7,BENIGN,PortScan,False,BENIGN -> PortScan
1282683,0,7,BENIGN,PortScan,False,BENIGN -> PortScan
653716,1,0,Bot,BENIGN,False,Bot -> BENIGN
296547,0,1,BENIGN,Bot,False,BENIGN -> Bot
2211168,4,0,DoS,BENIGN,False,DoS -> BENIGN
354403,7,0,PortScan,BENIGN,False,PortScan -> BENIGN
1282597,0,7,BENIGN,PortScan,False,BENIGN -> PortScan
320476,7,0,PortScan,BENIGN,False,PortScan -> BENIGN
323341,7,0,PortScan,BENIGN,False,PortScan -> BENIGN
615944,1,0,Bot,BENIGN,False,Bot -> BENIGN
643706,1,0,Bot,BENIGN,False,Bot -> BENIGN
767449,0,4,BENIGN,DoS,False,BENIGN -> DoS
690901,1,0,Bot,BENIGN,False,Bot -> BENIGN
699572,1,0,Bot,BENIGN,False,Bot -> BENIGN
685077,1,0,Bot,BENIGN,False,Bot -> BENIGN
1282619,0,7,BENIGN,PortScan,False,BENIGN -> PortScan
475479,7,0,PortScan,BENIGN,False,PortScan -> BENIGN
851498,0,4,BENIGN,DoS,False,BENIGN -> DoS
1282955,0,7,BENIGN,PortScan,False,BENIGN -> PortScan
1282624,0,7,BENIGN,PortScan,False,BENIGN -> PortScan
478477,7,0,PortScan,BENIGN,False,PortScan -> BENIGN
784696,0,4,BENIGN,DoS,False,BENIGN -> DoS
345344,7,0,PortScan,BENIGN,False,PortScan -> BENIGN
2566959,0,4,BENIGN,DoS,False,BENIGN -> DoS
685072,1,0,Bot,BENIGN,False,Bot -> BENIGN
858018,0,4,BENIGN,DoS,False,BENIGN -> DoS
478107,7,0,PortScan,BENIGN,False,PortScan -> BENIGN
1283167,0,7,BENIGN,PortScan,False,BENIGN -> PortScan
338717,7,0,PortScan,BENIGN,False,PortScan -> BENIGN
1283566,0,7,BENIGN,PortScan,False,BENIGN -> PortScan
1282818,0,7,BENIGN,PortScan,False,BENIGN -> PortScan
161947,3,0,DDoS,BENIGN,False,DDoS -> BENIGN
699521,1,0,Bot,BENIGN,False,Bot -> BENIGN
270535,0,1,BENIGN,Bot,False,BENIGN -> Bot
1282446,0,7,BENIGN,PortScan,False,BENIGN -> PortScan
623231,1,0,Bot,BENIGN,False,Bot -> BENIGN
700684,1,0,Bot,BENIGN,False,Bot -> BENIGN
335090,7,0,PortScan,BENIGN,False,PortScan -> BENIGN
265623,0,1,BENIGN,Bot,False,BENIGN -> Bot
1283021,0,7,BENIGN,PortScan,False,BENIGN -> PortScan
2307223,4,0,DoS,BENIGN,False,DoS -> BENIGN
2491769,0,4,BENIGN,DoS,False,BENIGN -> DoS
642269,1,0,Bot,BENIGN,False,Bot -> BENIGN
1083088,0,4,BENIGN,DoS,False,BENIGN -> DoS
663756,1,0,Bot,BENIGN,False,Bot -> BENIGN
472796,0,1,BENIGN,Bot,False,BENIGN -> Bot
1282820,0,7,BENIGN,PortScan,False,BENIGN -> PortScan
344844,7,0,PortScan,BENIGN,False,PortScan -> BENIGN
370363,7,0,PortScan,BENIGN,False,PortScan -> BENIGN
340131,7,0,PortScan,BENIGN,False,PortScan -> BENIGN
2433149,4,0,DoS,BENIGN,False,DoS -> BENIGN
358592,7,0,PortScan,BENIGN,False,PortScan -> BENIGN
1322717,0,4,BENIGN,DoS,False,BENIGN -> DoS
1282627,0,7,BENIGN,PortScan,False,BENIGN -> PortScan
326495,7,0,PortScan,BENIGN,False,PortScan -> BENIGN
469446,7,0,PortScan,BENIGN,False,PortScan -> BENIGN
655721,1,0,Bot,BENIGN,False,Bot -> BENIGN
2464168,4,7,DoS,PortScan,False,DoS -> PortScan
476641,7,0,PortScan,BENIGN,False,PortScan -> BENIGN
1347287,6,0,Infiltration,BENIGN,False,Infiltration -> BENIGN
495298,7,0,PortScan,BENIGN,False,PortScan -> BENIGN
349090,7,0,PortScan,BENIGN,False,PortScan -> BENIGN
573907,1,0,Bot,BENIGN,False,Bot -> BENIGN
1283257,0,7,BENIGN,PortScan,False,BENIGN -> PortScan
1282733,0,7,BENIGN,PortScan,False,BENIGN -> PortScan
370757,7,0,PortScan,BENIGN,False,PortScan -> BENIGN
624081,1,0,Bot,BENIGN,False,Bot -> BENIGN
187287,3,0,DDoS,BENIGN,False,DDoS -> BENIGN
2370657,4,0,DoS,BENIGN,False,DoS -> BENIGN
1282846,0,7,BENIGN,PortScan,False,BENIGN -> PortScan
473916,7,4,PortScan,DoS,False,PortScan -> DoS
2216144,4,0,DoS,BENIGN,False,DoS -> BENIGN
1282448,0,7,BENIGN,PortScan,False,BENIGN -> PortScan
647002,1,0,Bot,BENIGN,False,Bot -> BENIGN
1282399,0,7,BENIGN,PortScan,False,BENIGN -> PortScan
2280343,4,0,DoS,BENIGN,False,DoS -> BENIGN
1689529,0,4,BENIGN,DoS,False,BENIGN -> DoS
365771,7,0,PortScan,BENIGN,False,PortScan -> BENIGN
2367788,4,0,DoS,BENIGN,False,DoS -> BENIGN
335991,7,0,PortScan,BENIGN,False,PortScan -> BENIGN
351846,7,0,PortScan,BENIGN,False,PortScan -> BENIGN
1283232,0,7,BENIGN,PortScan,False,BENIGN -> PortScan
319071,7,0,PortScan,BENIGN,False,PortScan -> BENIGN
335413,7,0,PortScan,BENIGN,False,PortScan -> BENIGN
316567,7,0,PortScan,BENIGN,False,PortScan -> BENIGN
1877030,2,0,BruteForce,BENIGN,False,BruteForce -> BENIGN
1282894,0,7,BENIGN,PortScan,False,BENIGN -> PortScan
371110,7,0,PortScan,BENIGN,False,PortScan -> BENIGN
1282760,0,7,BENIGN,PortScan,False,BENIGN -> PortScan
325450,7,0,PortScan,BENIGN,False,PortScan -> BENIGN
1282943,0,7,BENIGN,PortScan,False,BENIGN -> PortScan
363533,7,0,PortScan,BENIGN,False,PortScan -> BENIGN
691393,1,0,Bot,BENIGN,False,Bot -> BENIGN
1282967,0,7,BENIGN,PortScan,False,BENIGN -> PortScan
1282591,0,7,BENIGN,PortScan,False,BENIGN -> PortScan
700165,0,4,BENIGN,DoS,False,BENIGN -> DoS
330445,7,0,PortScan,BENIGN,False,PortScan -> BENIGN
1283211,0,7,BENIGN,PortScan,False,BENIGN -> PortScan
365319,7,0,PortScan,BENIGN,False,PortScan -> BENIGN
361538,7,0,PortScan,BENIGN,False,PortScan -> BENIGN
1282419,0,7,BENIGN,PortScan,False,BENIGN -> PortScan
611883,1,0,Bot,BENIGN,False,Bot -> BENIGN
1282735,0,7,BENIGN,PortScan,False,BENIGN -> PortScan
1283269,0,7,BENIGN,PortScan,False,BENIGN -> PortScan
1283284,0,7,BENIGN,PortScan,False,BENIGN -> PortScan
196973,3,0,DDoS,BENIGN,False,DDoS -> BENIGN
1283331,0,7,BENIGN,PortScan,False,BENIGN -> PortScan
494122,7,0,PortScan,BENIGN,False,PortScan -> BENIGN
1283078,0,7,BENIGN,PortScan,False,BENIGN -> PortScan
1592762,8,0,WebAttack,BENIGN,False,WebAttack -> BENIGN
346095,7,0,PortScan,BENIGN,False,PortScan -> BENIGN
1283438,0,7,BENIGN,PortScan,False,BENIGN -> PortScan
369197,7,0,PortScan,BENIGN,False,PortScan -> BENIGN
699766,1,0,Bot,BENIGN,False,Bot -> BENIGN
2439732,4,0,DoS,BENIGN,False,DoS -> BENIGN
1234069,0,4,BENIGN,DoS,False,BENIGN -> DoS
1282523,0,7,BENIGN,PortScan,False,BENIGN -> PortScan
1283018,0,7,BENIGN,PortScan,False,BENIGN -> PortScan
199972,0,4,BENIGN,DoS,False,BENIGN -> DoS
2364173,4,0,DoS,BENIGN,False,DoS -> BENIGN
319167,7,0,PortScan,BENIGN,False,PortScan -> BENIGN
1282466,0,7,BENIGN,PortScan,False,BENIGN -> PortScan
1283357,0,7,BENIGN,PortScan,False,BENIGN -> PortScan
495584,7,0,PortScan,BENIGN,False,PortScan -> BENIGN
1282382,0,7,BENIGN,PortScan,False,BENIGN -> PortScan
1283158,0,7,BENIGN,PortScan,False,BENIGN -> PortScan
1282690,0,7,BENIGN,PortScan,False,BENIGN -> PortScan
1283075,0,7,BENIGN,PortScan,False,BENIGN -> PortScan
2371348,4,0,DoS,BENIGN,False,DoS -> BENIGN
358060,7,0,PortScan,BENIGN,False,PortScan -> BENIGN
681767,1,0,Bot,BENIGN,False,Bot -> BENIGN
1283093,0,7,BENIGN,PortScan,False,BENIGN -> PortScan
1282386,0,7,BENIGN,PortScan,False,BENIGN -> PortScan
1282455,0,7,BENIGN,PortScan,False,BENIGN -> PortScan
2364270,4,0,DoS,BENIGN,False,DoS -> BENIGN
2786138,4,0,DoS,BENIGN,False,DoS -> BENIGN
1283328,0,7,BENIGN,PortScan,False,BENIGN -> PortScan
309875,0,1,BENIGN,Bot,False,BENIGN -> Bot
675995,1,0,Bot,BENIGN,False,Bot -> BENIGN
2374364,4,0,DoS,BENIGN,False,DoS -> BENIGN
2490537,0,4,BENIGN,DoS,False,BENIGN -> DoS
335631,7,0,PortScan,BENIGN,False,PortScan -> BENIGN
1282414,0,7,BENIGN,PortScan,False,BENIGN -> PortScan
2457469,4,0,DoS,BENIGN,False,DoS -> BENIGN
1283264,0,7,BENIGN,PortScan,False,BENIGN -> PortScan
301511,0,1,BENIGN,Bot,False,BENIGN -> Bot
499454,7,0,PortScan,BENIGN,False,PortScan -> BENIGN
2636253,0,4,BENIGN,DoS,False,BENIGN -> DoS
262821,0,1,BENIGN,Bot,False,BENIGN -> Bot
1310298,6,0,Infiltration,BENIGN,False,Infiltration -> BENIGN
1282486,0,7,BENIGN,PortScan,False,BENIGN -> PortScan
1283535,0,7,BENIGN,PortScan,False,BENIGN -> PortScan
2383508,4,0,DoS,BENIGN,False,DoS -> BENIGN
1282824,0,7,BENIGN,PortScan,False,BENIGN -> PortScan
473857,0,1,BENIGN,Bot,False,BENIGN -> Bot
2023801,0,4,BENIGN,DoS,False,BENIGN -> DoS
1282495,0,7,BENIGN,PortScan,False,BENIGN -> PortScan
1282615,0,7,BENIGN,PortScan,False,BENIGN -> PortScan
1283381,0,7,BENIGN,PortScan,False,BENIGN -> PortScan
1282542,0,7,BENIGN,PortScan,False,BENIGN -> PortScan
355751,7,0,PortScan,BENIGN,False,PortScan -> BENIGN
618173,1,0,Bot,BENIGN,False,Bot -> BENIGN
1282640,0,7,BENIGN,PortScan,False,BENIGN -> PortScan
1283024,0,7,BENIGN,PortScan,False,BENIGN -> PortScan
347283,7,0,PortScan,BENIGN,False,PortScan -> BENIGN
357684,7,0,PortScan,BENIGN,False,PortScan -> BENIGN
2490719,0,4,BENIGN,DoS,False,BENIGN -> DoS
337382,7,0,PortScan,BENIGN,False,PortScan -> BENIGN
699360,1,0,Bot,BENIGN,False,Bot -> BENIGN
1611614,8,4,WebAttack,DoS,False,WebAttack -> DoS
1282406,0,7,BENIGN,PortScan,False,BENIGN -> PortScan
681124,1,0,Bot,BENIGN,False,Bot -> BENIGN
600555,1,0,Bot,BENIGN,False,Bot -> BENIGN
365099,7,0,PortScan,BENIGN,False,PortScan -> BENIGN
348886,7,0,PortScan,BENIGN,False,PortScan -> BENIGN
1282390,0,7,BENIGN,PortScan,False,BENIGN -> PortScan
333812,7,0,PortScan,BENIGN,False,PortScan -> BENIGN
699520,1,0,Bot,BENIGN,False,Bot -> BENIGN
622897,1,0,Bot,BENIGN,False,Bot -> BENIGN
1282626,0,7,BENIGN,PortScan,False,BENIGN -> PortScan
1474751,0,3,BENIGN,DDoS,False,BENIGN -> DDoS
313703,7,0,PortScan,BENIGN,False,PortScan -> BENIGN
1283595,0,7,BENIGN,PortScan,False,BENIGN -> PortScan
316909,7,0,PortScan,BENIGN,False,PortScan -> BENIGN
345716,7,0,PortScan,BENIGN,False,PortScan -> BENIGN
2243310,4,0,DoS,BENIGN,False,DoS -> BENIGN
618192,1,0,Bot,BENIGN,False,Bot -> BENIGN
1598349,8,0,WebAttack,BENIGN,False,WebAttack -> BENIGN
1282949,0,7,BENIGN,PortScan,False,BENIGN -> PortScan
346656,7,0,PortScan,BENIGN,False,PortScan -> BENIGN
462503,7,8,PortScan,WebAttack,False,PortScan -> WebAttack
356226,7,0,PortScan,BENIGN,False,PortScan -> BENIGN
679703,1,0,Bot,BENIGN,False,Bot -> BENIGN
492587,7,0,PortScan,BENIGN,False,PortScan -> BENIGN
1282404,0,7,BENIGN,PortScan,False,BENIGN -> PortScan
1282664,0,7,BENIGN,PortScan,False,BENIGN -> PortScan
700034,1,0,Bot,BENIGN,False,Bot -> BENIGN
2337684,4,0,DoS,BENIGN,False,DoS -> BENIGN
1282764,0,7,BENIGN,PortScan,False,BENIGN -> PortScan
364570,7,0,PortScan,BENIGN,False,PortScan -> BENIGN
1282512,0,7,BENIGN,PortScan,False,BENIGN -> PortScan
1283119,0,7,BENIGN,PortScan,False,BENIGN -> PortScan
1283089,0,7,BENIGN,PortScan,False,BENIGN -> PortScan
637534,1,0,Bot,BENIGN,False,Bot -> BENIGN
502812,7,0,PortScan,BENIGN,False,PortScan -> BENIGN
1282506,0,7,BENIGN,PortScan,False,BENIGN -> PortScan
231057,0,1,BENIGN,Bot,False,BENIGN -> Bot
1282545,0,7,BENIGN,PortScan,False,BENIGN -> PortScan
332969,7,0,PortScan,BENIGN,False,PortScan -> BENIGN
1456655,6,0,Infiltration,BENIGN,False,Infiltration -> BENIGN
1824604,0,4,BENIGN,DoS,False,BENIGN -> DoS
1283409,0,7,BENIGN,PortScan,False,BENIGN -> PortScan
701193,1,0,Bot,BENIGN,False,Bot -> BENIGN
1282969,0,7,BENIGN,PortScan,False,BENIGN -> PortScan
328820,7,0,PortScan,BENIGN,False,PortScan -> BENIGN
2402588,4,0,DoS,BENIGN,False,DoS -> BENIGN
292867,0,1,BENIGN,Bot,False,BENIGN -> Bot
341140,7,0,PortScan,BENIGN,False,PortScan -> BENIGN
2313327,4,0,DoS,BENIGN,False,DoS -> BENIGN
261046,0,1,BENIGN,Bot,False,BENIGN -> Bot
691480,1,0,Bot,BENIGN,False,Bot -> BENIGN
1282544,0,7,BENIGN,PortScan,False,BENIGN -> PortScan
1282725,0,7,BENIGN,PortScan,False,BENIGN -> PortScan
1486492,0,4,BENIGN,DoS,False,BENIGN -> DoS
2208462,4,0,DoS,BENIGN,False,DoS -> BENIGN
347436,7,0,PortScan,BENIGN,False,PortScan -> BENIGN
473037,7,0,PortScan,BENIGN,False,PortScan -> BENIGN
371818,7,0,PortScan,BENIGN,False,PortScan -> BENIGN
131714,3,0,DDoS,BENIGN,False,DDoS -> BENIGN
33575,3,0,DDoS,BENIGN,False,DDoS -> BENIGN
1282892,0,7,BENIGN,PortScan,False,BENIGN -> PortScan
1282605,0,7,BENIGN,PortScan,False,BENIGN -> PortScan
1282645,0,7,BENIGN,PortScan,False,BENIGN -> PortScan
957080,0,4,BENIGN,DoS,False,BENIGN -> DoS
502887,7,0,PortScan,BENIGN,False,PortScan -> BENIGN
1283562,0,7,BENIGN,PortScan,False,BENIGN -> PortScan
1601956,8,0,WebAttack,BENIGN,False,WebAttack -> BENIGN
700956,1,0,Bot,BENIGN,False,Bot -> BENIGN
1283593,0,7,BENIGN,PortScan,False,BENIGN -> PortScan
1283304,0,7,BENIGN,PortScan,False,BENIGN -> PortScan
351941,7,0,PortScan,BENIGN,False,PortScan -> BENIGN
639857,1,0,Bot,BENIGN,False,Bot -> BENIGN
1282773,0,7,BENIGN,PortScan,False,BENIGN -> PortScan
2453012,4,0,DoS,BENIGN,False,DoS -> BENIGN
1282762,0,7,BENIGN,PortScan,False,BENIGN -> PortScan
699968,1,0,Bot,BENIGN,False,Bot -> BENIGN
1283238,0,7,BENIGN,PortScan,False,BENIGN -> PortScan
371788,7,0,PortScan,BENIGN,False,PortScan -> BENIGN
1283538,0,7,BENIGN,PortScan,False,BENIGN -> PortScan
1283352,0,7,BENIGN,PortScan,False,BENIGN -> PortScan
701026,1,0,Bot,BENIGN,False,Bot -> BENIGN
275021,0,4,BENIGN,DoS,False,BENIGN -> DoS
467641,7,0,PortScan,BENIGN,False,PortScan -> BENIGN
2453675,4,0,DoS,BENIGN,False,DoS -> BENIGN
1282572,0,7,BENIGN,PortScan,False,BENIGN -> PortScan
1283333,0,7,BENIGN,PortScan,False,BENIGN -> PortScan
319132,7,0,PortScan,BENIGN,False,PortScan -> BENIGN
1282514,0,7,BENIGN,PortScan,False,BENIGN -> PortScan
187288,3,0,DDoS,BENIGN,False,DDoS -> BENIGN
2453056,4,0,DoS,BENIGN,False,DoS -> BENIGN
1283297,0,7,BENIGN,PortScan,False,BENIGN -> PortScan
651683,1,0,Bot,BENIGN,False,Bot -> BENIGN
346141,7,0,PortScan,BENIGN,False,PortScan -> BENIGN
1282988,0,7,BENIGN,PortScan,False,BENIGN -> PortScan
1282724,0,7,BENIGN,PortScan,False,BENIGN -> PortScan
1606485,8,0,WebAttack,BENIGN,False,WebAttack -> BENIGN
282654,7,4,PortScan,DoS,False,PortScan -> DoS
360929,7,0,PortScan,BENIGN,False,PortScan -> BENIGN
698380,1,0,Bot,BENIGN,False,Bot -> BENIGN
1283091,0,7,BENIGN,PortScan,False,BENIGN -> PortScan
2206682,4,0,DoS,BENIGN,False,DoS -> BENIGN
496913,7,0,PortScan,BENIGN,False,PortScan -> BENIGN
2163044,4,0,DoS,BENIGN,False,DoS -> BENIGN
1282539,0,7,BENIGN,PortScan,False,BENIGN -> PortScan
346897,7,0,PortScan,BENIGN,False,PortScan -> BENIGN
1282995,0,7,BENIGN,PortScan,False,BENIGN -> PortScan
503875,7,0,PortScan,BENIGN,False,PortScan -> BENIGN
342503,7,0,PortScan,BENIGN,False,PortScan -> BENIGN
700362,0,8,BENIGN,WebAttack,False,BENIGN -> WebAttack
1702082,2,0,BruteForce,BENIGN,False,BruteForce -> BENIGN
262781,0,1,BENIGN,Bot,False,BENIGN -> Bot
188200,3,0,DDoS,BENIGN,False,DDoS -> BENIGN
701219,1,0,Bot,BENIGN,False,Bot -> BENIGN
218207,0,4,BENIGN,DoS,False,BENIGN -> DoS
1508326,0,4,BENIGN,DoS,False,BENIGN -> DoS
1283510,0,7,BENIGN,PortScan,False,BENIGN -> PortScan
357025,7,0,PortScan,BENIGN,False,PortScan -> BENIGN
353703,7,0,PortScan,BENIGN,False,PortScan -> BENIGN
1282579,0,7,BENIGN,PortScan,False,BENIGN -> PortScan
1282534,0,7,BENIGN,PortScan,False,BENIGN -> PortScan
1293196,0,4,BENIGN,DoS,False,BENIGN -> DoS
2467795,4,0,DoS,BENIGN,False,DoS -> BENIGN
1035650,0,4,BENIGN,DoS,False,BENIGN -> DoS
617147,1,0,Bot,BENIGN,False,Bot -> BENIGN
2424267,4,0,DoS,BENIGN,False,DoS -> BENIGN
333384,7,0,PortScan,BENIGN,False,PortScan -> BENIGN
333814,7,0,PortScan,BENIGN,False,PortScan -> BENIGN
2424276,4,0,DoS,BENIGN,False,DoS -> BENIGN
1282720,0,7,BENIGN,PortScan,False,BENIGN -> PortScan
701132,1,0,Bot,BENIGN,False,Bot -> BENIGN
365137,7,0,PortScan,BENIGN,False,PortScan -> BENIGN
315344,7,0,PortScan,BENIGN,False,PortScan -> BENIGN
2585705,0,4,BENIGN,DoS,False,BENIGN -> DoS
370803,7,0,PortScan,BENIGN,False,PortScan -> BENIGN
1283175,0,7,BENIGN,PortScan,False,BENIGN -> PortScan
306245,0,1,BENIGN,Bot,False,BENIGN -> Bot
1283300,0,7,BENIGN,PortScan,False,BENIGN -> PortScan
1282716,0,7,BENIGN,PortScan,False,BENIGN -> PortScan
1536620,8,0,WebAttack,BENIGN,False,WebAttack -> BENIGN
1765841,0,4,BENIGN,DoS,False,BENIGN -> DoS
690832,1,0,Bot,BENIGN,False,Bot -> BENIGN
2290439,4,0,DoS,BENIGN,False,DoS -> BENIGN
313576,7,0,PortScan,BENIGN,False,PortScan -> BENIGN
366190,7,0,PortScan,BENIGN,False,PortScan -> BENIGN
1282630,0,7,BENIGN,PortScan,False,BENIGN -> PortScan
1282553,0,7,BENIGN,PortScan,False,BENIGN -> PortScan
344702,7,0,PortScan,BENIGN,False,PortScan -> BENIGN
1282763,0,7,BENIGN,PortScan,False,BENIGN -> PortScan
1530472,0,4,BENIGN,DoS,False,BENIGN -> DoS
2315881,4,0,DoS,BENIGN,False,DoS -> BENIGN
1283393,0,7,BENIGN,PortScan,False,BENIGN -> PortScan
698940,1,0,Bot,BENIGN,False,Bot -> BENIGN
1505641,0,4,BENIGN,DoS,False,BENIGN -> DoS
1283591,0,7,BENIGN,PortScan,False,BENIGN -> PortScan
617179,1,0,Bot,BENIGN,False,Bot -> BENIGN
701130,1,0,Bot,BENIGN,False,Bot -> BENIGN
464961,0,1,BENIGN,Bot,False,BENIGN -> Bot
1283390,0,7,BENIGN,PortScan,False,BENIGN -> PortScan
1355103,0,4,BENIGN,DoS,False,BENIGN -> DoS
2445410,4,0,DoS,BENIGN,False,DoS -> BENIGN
700022,1,0,Bot,BENIGN,False,Bot -> BENIGN
1283541,0,7,BENIGN,PortScan,False,BENIGN -> PortScan
1508893,0,4,BENIGN,DoS,False,BENIGN -> DoS
467295,7,0,PortScan,BENIGN,False,PortScan -> BENIGN
1283556,0,7,BENIGN,PortScan,False,BENIGN -> PortScan
691620,1,0,Bot,BENIGN,False,Bot -> BENIGN
1753482,0,4,BENIGN,DoS,False,BENIGN -> DoS
227259,0,1,BENIGN,Bot,False,BENIGN -> Bot
2348077,4,0,DoS,BENIGN,False,DoS -> BENIGN
2566899,0,4,BENIGN,DoS,False,BENIGN -> DoS
498392,7,0,PortScan,BENIGN,False,PortScan -> BENIGN
2184200,0,4,BENIGN,DoS,False,BENIGN -> DoS
476151,7,0,PortScan,BENIGN,False,PortScan -> BENIGN
250961,0,1,BENIGN,Bot,False,BENIGN -> Bot
1283382,0,7,BENIGN,PortScan,False,BENIGN -> PortScan
693775,1,0,Bot,BENIGN,False,Bot -> BENIGN
1613422,8,4,WebAttack,DoS,False,WebAttack -> DoS
1718917,0,4,BENIGN,DoS,False,BENIGN -> DoS
1283153,0,7,BENIGN,PortScan,False,BENIGN -> PortScan
682772,1,0,Bot,BENIGN,False,Bot -> BENIGN
472384,7,0,PortScan,BENIGN,False,PortScan -> BENIGN
469526,7,0,PortScan,BENIGN,False,PortScan -> BENIGN
1283278,0,7,BENIGN,PortScan,False,BENIGN -> PortScan
623335,1,0,Bot,BENIGN,False,Bot -> BENIGN
483212,7,0,PortScan,BENIGN,False,PortScan -> BENIGN
1924436,0,4,BENIGN,DoS,False,BENIGN -> DoS
360737,7,0,PortScan,BENIGN,False,PortScan -> BENIGN
1535743,8,0,WebAttack,BENIGN,False,WebAttack -> BENIGN
910148,0,4,BENIGN,DoS,False,BENIGN -> DoS
1283141,0,7,BENIGN,PortScan,False,BENIGN -> PortScan
1283183,0,7,BENIGN,PortScan,False,BENIGN -> PortScan
2471517,0,4,BENIGN,DoS,False,BENIGN -> DoS
1515506,0,1,BENIGN,Bot,False,BENIGN -> Bot
2265975,4,0,DoS,BENIGN,False,DoS -> BENIGN
1282614,0,7,BENIGN,PortScan,False,BENIGN -> PortScan
1283244,0,7,BENIGN,PortScan,False,BENIGN -> PortScan
2311824,4,0,DoS,BENIGN,False,DoS -> BENIGN
1283354,0,7,BENIGN,PortScan,False,BENIGN -> PortScan
1283084,0,7,BENIGN,PortScan,False,BENIGN -> PortScan
499362,7,4,PortScan,DoS,False,PortScan -> DoS
1282522,0,7,BENIGN,PortScan,False,BENIGN -> PortScan
647883,0,4,BENIGN,DoS,False,BENIGN -> DoS
338424,7,0,PortScan,BENIGN,False,PortScan -> BENIGN
199975,0,4,BENIGN,DoS,False,BENIGN -> DoS
2167860,4,0,DoS,BENIGN,False,DoS -> BENIGN
1282667,0,7,BENIGN,PortScan,False,BENIGN -> PortScan
2488945,0,4,BENIGN,DoS,False,BENIGN -> DoS
1282844,0,7,BENIGN,PortScan,False,BENIGN -> PortScan
700204,0,4,BENIGN,DoS,False,BENIGN -> DoS
1283275,0,7,BENIGN,PortScan,False,BENIGN -> PortScan
692260,1,0,Bot,BENIGN,False,Bot -> BENIGN
2428566,4,0,DoS,BENIGN,False,DoS -> BENIGN
468159,7,0,PortScan,BENIGN,False,PortScan -> BENIGN
2489906,0,4,BENIGN,DoS,False,BENIGN -> DoS
569696,1,0,Bot,BENIGN,False,Bot -> BENIGN
346706,7,0,PortScan,BENIGN,False,PortScan -> BENIGN
1283036,0,7,BENIGN,PortScan,False,BENIGN -> PortScan
691374,1,0,Bot,BENIGN,False,Bot -> BENIGN
1282721,0,7,BENIGN,PortScan,False,BENIGN -> PortScan
231669,0,1,BENIGN,Bot,False,BENIGN -> Bot
697665,1,0,Bot,BENIGN,False,Bot -> BENIGN
1282573,0,7,BENIGN,PortScan,False,BENIGN -> PortScan
1283511,0,7,BENIGN,PortScan,False,BENIGN -> PortScan
236408,0,4,BENIGN,DoS,False,BENIGN -> DoS
702346,1,0,Bot,BENIGN,False,Bot -> BENIGN
1283050,0,7,BENIGN,PortScan,False,BENIGN -> PortScan
480044,7,8,PortScan,WebAttack,False,PortScan -> WebAttack
667305,1,0,Bot,BENIGN,False,Bot -> BENIGN
1283476,0,7,BENIGN,PortScan,False,BENIGN -> PortScan
1282717,0,7,BENIGN,PortScan,False,BENIGN -> PortScan
620110,1,0,Bot,BENIGN,False,Bot -> BENIGN
1283060,0,7,BENIGN,PortScan,False,BENIGN -> PortScan
123397,3,0,DDoS,BENIGN,False,DDoS -> BENIGN
1283457,0,7,BENIGN,PortScan,False,BENIGN -> PortScan
1910958,0,4,BENIGN,DoS,False,BENIGN -> DoS
2075527,0,4,BENIGN,DoS,False,BENIGN -> DoS
1282588,0,7,BENIGN,PortScan,False,BENIGN -> PortScan
2435310,4,0,DoS,BENIGN,False,DoS -> BENIGN
326341,7,0,PortScan,BENIGN,False,PortScan -> BENIGN
1282901,0,7,BENIGN,PortScan,False,BENIGN -> PortScan
1283347,0,7,BENIGN,PortScan,False,BENIGN -> PortScan
258193,0,1,BENIGN,Bot,False,BENIGN -> Bot
358591,7,0,PortScan,BENIGN,False,PortScan -> BENIGN
218246,0,4,BENIGN,DoS,False,BENIGN -> DoS
1282529,0,7,BENIGN,PortScan,False,BENIGN -> PortScan
329757,7,0,PortScan,BENIGN,False,PortScan -> BENIGN
1283503,0,7,BENIGN,PortScan,False,BENIGN -> PortScan
251038,0,1,BENIGN,Bot,False,BENIGN -> Bot
1346224,0,4,BENIGN,DoS,False,BENIGN -> DoS
282857,7,8,PortScan,WebAttack,False,PortScan -> WebAttack
1282753,0,7,BENIGN,PortScan,False,BENIGN -> PortScan
347705,7,0,PortScan,BENIGN,False,PortScan -> BENIGN
1283515,0,7,BENIGN,PortScan,False,BENIGN -> PortScan
14965,0,1,BENIGN,Bot,False,BENIGN -> Bot
1283529,0,7,BENIGN,PortScan,False,BENIGN -> PortScan
1282400,0,7,BENIGN,PortScan,False,BENIGN -> PortScan
701123,1,0,Bot,BENIGN,False,Bot -> BENIGN
290866,0,1,BENIGN,Bot,False,BENIGN -> Bot
669521,1,0,Bot,BENIGN,False,Bot -> BENIGN
371169,7,0,PortScan,BENIGN,False,PortScan -> BENIGN
641314,1,0,Bot,BENIGN,False,Bot -> BENIGN
644489,1,0,Bot,BENIGN,False,Bot -> BENIGN
619421,1,0,Bot,BENIGN,False,Bot -> BENIGN
1282433,0,7,BENIGN,PortScan,False,BENIGN -> PortScan
1982008,0,4,BENIGN,DoS,False,BENIGN -> DoS
480045,7,8,PortScan,WebAttack,False,PortScan -> WebAttack
1689536,0,4,BENIGN,DoS,False,BENIGN -> DoS
1282513,0,7,BENIGN,PortScan,False,BENIGN -> PortScan
1567259,8,0,WebAttack,BENIGN,False,WebAttack -> BENIGN
1283598,0,7,BENIGN,PortScan,False,BENIGN -> PortScan
1283035,0,7,BENIGN,PortScan,False,BENIGN -> PortScan
2313349,4,0,DoS,BENIGN,False,DoS -> BENIGN
625525,1,0,Bot,BENIGN,False,Bot -> BENIGN
70864,0,1,BENIGN,Bot,False,BENIGN -> Bot
2443418,4,0,DoS,BENIGN,False,DoS -> BENIGN
634148,0,4,BENIGN,DoS,False,BENIGN -> DoS
2301997,4,0,DoS,BENIGN,False,DoS -> BENIGN
1282477,0,7,BENIGN,PortScan,False,BENIGN -> PortScan
192810,3,0,DDoS,BENIGN,False,DDoS -> BENIGN
282881,7,0,PortScan,BENIGN,False,PortScan -> BENIGN
335221,7,0,PortScan,BENIGN,False,PortScan -> BENIGN
1282946,0,7,BENIGN,PortScan,False,BENIGN -> PortScan
1282540,0,7,BENIGN,PortScan,False,BENIGN -> PortScan
367735,7,0,PortScan,BENIGN,False,PortScan -> BENIGN
1481469,0,4,BENIGN,DoS,False,BENIGN -> DoS
2445641,0,4,BENIGN,DoS,False,BENIGN -> DoS
328188,7,0,PortScan,BENIGN,False,PortScan -> BENIGN
609711,1,0,Bot,BENIGN,False,Bot -> BENIGN
2732245,0,7,BENIGN,PortScan,False,BENIGN -> PortScan
316999,7,0,PortScan,BENIGN,False,PortScan -> BENIGN
319399,7,0,PortScan,BENIGN,False,PortScan -> BENIGN
317674,7,0,PortScan,BENIGN,False,PortScan -> BENIGN
1282402,0,7,BENIGN,PortScan,False,BENIGN -> PortScan
2250833,4,0,DoS,BENIGN,False,DoS -> BENIGN
234780,0,4,BENIGN,DoS,False,BENIGN -> DoS
1282516,0,7,BENIGN,PortScan,False,BENIGN -> PortScan
623258,1,0,Bot,BENIGN,False,Bot -> BENIGN
493073,7,0,PortScan,BENIGN,False,PortScan -> BENIGN
313251,7,0,PortScan,BENIGN,False,PortScan -> BENIGN
239915,0,1,BENIGN,Bot,False,BENIGN -> Bot
691601,1,0,Bot,BENIGN,False,Bot -> BENIGN
354301,7,0,PortScan,BENIGN,False,PortScan -> BENIGN
1282459,0,7,BENIGN,PortScan,False,BENIGN -> PortScan
1533220,8,0,WebAttack,BENIGN,False,WebAttack -> BENIGN
343985,7,0,PortScan,BENIGN,False,PortScan -> BENIGN
2397659,4,0,DoS,BENIGN,False,DoS -> BENIGN
698383,1,0,Bot,BENIGN,False,Bot -> BENIGN
2436498,4,0,DoS,BENIGN,False,DoS -> BENIGN
1283125,0,7,BENIGN,PortScan,False,BENIGN -> PortScan
1282891,0,7,BENIGN,PortScan,False,BENIGN -> PortScan
2783908,4,0,DoS,BENIGN,False,DoS -> BENIGN
337517,7,0,PortScan,BENIGN,False,PortScan -> BENIGN
1282621,0,7,BENIGN,PortScan,False,BENIGN -> PortScan
1283530,0,7,BENIGN,PortScan,False,BENIGN -> PortScan
2367793,4,0,DoS,BENIGN,False,DoS -> BENIGN
353233,7,0,PortScan,BENIGN,False,PortScan -> BENIGN
234940,0,1,BENIGN,Bot,False,BENIGN -> Bot
371159,7,0,PortScan,BENIGN,False,PortScan -> BENIGN
1282839,0,7,BENIGN,PortScan,False,BENIGN -> PortScan
18087,0,1,BENIGN,Bot,False,BENIGN -> Bot
617329,1,0,Bot,BENIGN,False,Bot -> BENIGN
1283240,0,7,BENIGN,PortScan,False,BENIGN -> PortScan
2282656,4,0,DoS,BENIGN,False,DoS -> BENIGN
2626020,0,4,BENIGN,DoS,False,BENIGN -> DoS
663899,1,0,Bot,BENIGN,False,Bot -> BENIGN
615054,1,0,Bot,BENIGN,False,Bot -> BENIGN
1283270,0,7,BENIGN,PortScan,False,BENIGN -> PortScan
325040,7,0,PortScan,BENIGN,False,PortScan -> BENIGN
771986,0,4,BENIGN,DoS,False,BENIGN -> DoS
363864,7,0,PortScan,BENIGN,False,PortScan -> BENIGN
588174,0,1,BENIGN,Bot,False,BENIGN -> Bot
281081,7,4,PortScan,DoS,False,PortScan -> DoS
1282413,0,7,BENIGN,PortScan,False,BENIGN -> PortScan
1283504,0,7,BENIGN,PortScan,False,BENIGN -> PortScan
1283467,0,7,BENIGN,PortScan,False,BENIGN -> PortScan
702541,1,0,Bot,BENIGN,False,Bot -> BENIGN
663846,1,0,Bot,BENIGN,False,Bot -> BENIGN
697673,1,0,Bot,BENIGN,False,Bot -> BENIGN
1598067,8,0,WebAttack,BENIGN,False,WebAttack -> BENIGN
2111722,2,0,BruteForce,BENIGN,False,BruteForce -> BENIGN
2211031,4,0,DoS,BENIGN,False,DoS -> BENIGN
22454,0,1,BENIGN,Bot,False,BENIGN -> Bot
1283033,0,7,BENIGN,PortScan,False,BENIGN -> PortScan
678947,0,8,BENIGN,WebAttack,False,BENIGN -> WebAttack
343345,7,0,PortScan,BENIGN,False,PortScan -> BENIGN
697672,1,0,Bot,BENIGN,False,Bot -> BENIGN
13229,0,1,BENIGN,Bot,False,BENIGN -> Bot
577407,1,0,Bot,BENIGN,False,Bot -> BENIGN
619508,1,0,Bot,BENIGN,False,Bot -> BENIGN
334861,7,0,PortScan,BENIGN,False,PortScan -> BENIGN
1282423,0,7,BENIGN,PortScan,False,BENIGN -> PortScan
327061,7,0,PortScan,BENIGN,False,PortScan -> BENIGN
281389,7,4,PortScan,DoS,False,PortScan -> DoS
357597,7,0,PortScan,BENIGN,False,PortScan -> BENIGN
